customer_id,city,state,zip_code,total_spent,avg_purchase_value,num_visits,last_purchase_date,latitude,longitude
CUST0000,Phoenix,AZ,85001,4003.06,266.87,11,1/26/2025,33.4388812,-112.066811
CUST0001,Denver,CO,80201,589.88,53.63,4,4/13/2024,39.73419122,-104.9952517
CUST0002,Atlanta,GA,30301,3125.66,260.47,17,2/8/2025,33.74468183,-84.39117476
CUST0003,Denver,CO,80201,1974.06,658.02,5,6/5/2024,39.73474877,-104.9708723
CUST0004,Seattle,WA,98101,4749.54,339.25,18,7/17/2024,47.61779193,-122.341011
CUST0005,Boston,MA,2101,268.5,19.18,17,2/17/2025,42.34734881,-71.04908008
CUST0006,San Diego,CA,92101,1118.91,279.73,18,9/2/2024,32.69821666,-117.170439
CUST0007,Chicago,IL,60601,3029.71,189.36,15,9/5/2024,41.88564464,-87.62974499
CUST0008,Atlanta,GA,30301,2004.52,111.36,15,2/14/2025,33.75460816,-84.38914077
CUST0009,Nashville,TN,37201,1551.74,119.36,1,4/28/2024,36.16582123,-86.77112252
CUST0010,Denver,CO,80201,3971.86,794.37,10,8/20/2024,39.74662285,-104.9875888
CUST0011,Nashville,TN,37201,3154.16,1577.08,1,2/19/2025,36.17468941,-86.79123898
CUST0012,Atlanta,GA,30301,3675.07,459.38,3,8/24/2024,33.75361636,-84.3964512
CUST0013,Austin,TX,73301,3636.47,259.75,7,6/29/2024,30.24380255,-97.73178097
CUST0014,Dallas,TX,75201,2252.75,118.57,7,8/10/2024,32.78091761,-96.81987569
CUST0015,Atlanta,GA,30301,1321.53,101.66,15,10/19/2024,33.7662292,-84.38176267
CUST0016,Seattle,WA,98101,3159.33,526.55,12,2/23/2025,47.61962641,-122.3320969
CUST0017,Dallas,TX,75201,698.23,99.75,1,6/29/2024,32.79273734,-96.80291953
CUST0018,Nashville,TN,37201,1593.43,265.57,8,11/22/2024,36.17945116,-86.78153336
CUST0019,Dallas,TX,75201,1754.31,116.95,9,10/10/2024,32.7825755,-96.80074446
CUST0020,Chicago,IL,60601,1309.69,187.1,2,12/16/2024,41.87558234,-87.63084165
CUST0021,Austin,TX,73301,3208.32,1604.16,12,9/2/2024,30.28142823,-97.73248067
CUST0022,Austin,TX,73301,3668.26,733.65,2,9/22/2024,30.2821805,-97.74389458
CUST0023,Austin,TX,73301,838.52,139.75,16,4/24/2024,30.26583544,-97.73142497
CUST0024,Chicago,IL,60601,181.28,60.43,19,11/11/2024,41.86937696,-87.62526408
CUST0025,Austin,TX,73301,2048.1,292.59,18,4/13/2024,30.26611736,-97.74885512
CUST0026,Nashville,TN,37201,1124.45,112.45,3,7/19/2024,36.17043861,-86.77473552
CUST0027,Nashville,TN,37201,2631.52,154.8,2,6/8/2024,36.16062825,-86.77498404
CUST0028,Phoenix,AZ,85001,1761.25,587.08,19,6/8/2024,33.45108712,-112.0689424
CUST0029,San Diego,CA,92101,3921.39,356.49,17,12/25/2024,32.72293072,-117.1671435
CUST0030,Seattle,WA,98101,887.96,49.33,2,6/2/2024,47.61150659,-122.3301571
CUST0031,Chicago,IL,60601,3589.68,3589.68,14,7/5/2024,41.87537473,-87.64112497
CUST0032,Boston,MA,2101,4261.19,250.66,1,10/14/2024,42.35754612,-71.06753736
CUST0033,Phoenix,AZ,85001,1327.26,221.21,6,2/16/2025,33.45276691,-112.0617282
CUST0034,Seattle,WA,98101,1815.38,1815.38,15,5/26/2024,47.63783938,-122.3303119
CUST0035,Austin,TX,73301,313.66,26.14,14,4/2/2025,30.26875868,-97.73259659
CUST0036,Atlanta,GA,30301,2904.23,2904.23,1,7/26/2024,33.72681932,-84.39268018
CUST0037,Dallas,TX,75201,4687.16,1562.39,8,10/16/2024,32.78230954,-96.80808937
CUST0038,San Diego,CA,92101,1857.37,185.74,2,7/9/2024,32.72449774,-117.1422108
CUST0039,Dallas,TX,75201,4065.87,1355.29,18,3/26/2025,32.76816734,-96.79505004
CUST0040,Boston,MA,2101,3539.64,221.23,14,11/16/2024,42.35227175,-71.06236819
CUST0041,Phoenix,AZ,85001,3392.93,178.58,17,10/10/2024,33.43008462,-112.0657397
CUST0042,Boston,MA,2101,3872.97,322.75,12,4/3/2025,42.37210399,-71.06151236
CUST0043,Chicago,IL,60601,2115.63,705.21,8,6/4/2024,41.86692086,-87.649906
CUST0044,Dallas,TX,75201,484.44,96.89,9,11/30/2024,32.77665753,-96.80317847
CUST0045,Seattle,WA,98101,1274.96,79.69,8,8/14/2024,47.61377296,-122.3134865
CUST0046,San Diego,CA,92101,3677.19,1225.73,12,11/5/2024,32.73266911,-117.1670767
CUST0047,Nashville,TN,37201,1775.21,355.04,15,1/4/2025,36.16443819,-86.77225366
CUST0048,Dallas,TX,75201,3840.49,548.64,4,6/23/2024,32.80113112,-96.80498407
CUST0049,Dallas,TX,75201,3117.67,623.53,4,6/22/2024,32.78001814,-96.79244065
CUST0050,Boston,MA,2101,3327.6,831.9,16,7/2/2024,42.36344068,-71.05073767
CUST0051,Chicago,IL,60601,2919.82,162.21,3,3/6/2025,41.90133033,-87.64952088
CUST0052,Atlanta,GA,30301,3167.1,3167.1,1,10/22/2024,33.74513567,-84.38792402
CUST0053,Boston,MA,2101,1988.44,198.84,2,12/14/2024,42.35377763,-71.06355489
CUST0054,Atlanta,GA,30301,1806.85,164.26,4,9/3/2024,33.74370299,-84.38123245
CUST0055,Dallas,TX,75201,2175.01,725,17,12/30/2024,32.76212328,-96.8122057
CUST0056,Phoenix,AZ,85001,2944.67,588.93,12,10/7/2024,33.45825416,-112.0618649
CUST0057,Nashville,TN,37201,1950.87,114.76,16,9/3/2024,36.16681953,-86.78310267
CUST0058,Austin,TX,73301,362.08,40.23,19,1/22/2025,30.27392042,-97.74124525
CUST0059,Chicago,IL,60601,2909.85,193.99,16,1/29/2025,41.86993983,-87.64214189
CUST0060,Atlanta,GA,30301,3786.64,236.66,7,12/20/2024,33.75324518,-84.37324707
CUST0061,Seattle,WA,98101,4846.39,538.49,10,7/29/2024,47.60741582,-122.3181652
CUST0062,Boston,MA,2101,456.54,25.36,2,4/3/2025,42.34418346,-71.05920991
CUST0063,Boston,MA,2101,1933.93,1933.93,17,5/16/2024,42.35281556,-71.06213447
CUST0064,San Diego,CA,92101,3554.91,355.49,19,2/28/2025,32.70413536,-117.1642218
CUST0065,Seattle,WA,98101,2396.44,299.56,9,4/7/2025,47.59895778,-122.3223843
CUST0066,Nashville,TN,37201,1936.87,113.93,1,12/12/2024,36.16069653,-86.77016496
CUST0067,Atlanta,GA,30301,1339.65,70.51,18,2/20/2025,33.76451144,-84.38040729
CUST0068,Austin,TX,73301,3175.03,1058.34,16,3/27/2025,30.26124438,-97.74234848
CUST0069,Atlanta,GA,30301,1459.17,364.79,8,10/4/2024,33.74243094,-84.39875079
CUST0070,Atlanta,GA,30301,4874.53,286.74,9,9/8/2024,33.73485425,-84.3832034
CUST0071,Denver,CO,80201,4130.43,229.47,19,7/26/2024,39.74780275,-104.9884892
CUST0072,Dallas,TX,75201,4670.37,259.46,13,4/3/2025,32.77926389,-96.80282221
CUST0073,Austin,TX,73301,2453.81,163.59,17,7/15/2024,30.25286865,-97.72646128
CUST0074,San Diego,CA,92101,4162.9,244.88,13,12/31/2024,32.72342457,-117.1408847
CUST0075,Atlanta,GA,30301,4983.52,996.7,5,9/18/2024,33.74549935,-84.3837715
CUST0076,Nashville,TN,37201,732.88,38.57,13,9/15/2024,36.16333173,-86.78257902
CUST0077,Boston,MA,2101,3128.83,391.1,7,11/5/2024,42.32521831,-71.06268263
CUST0078,Denver,CO,80201,2648.8,220.73,1,2/13/2025,39.74413713,-104.9765791
CUST0079,Phoenix,AZ,85001,3800.17,271.44,2,1/23/2025,33.4456635,-112.0734231
CUST0080,Seattle,WA,98101,1817.88,908.94,18,6/26/2024,47.60131418,-122.3288359
CUST0081,Seattle,WA,98101,1806.45,301.07,1,5/8/2024,47.62628616,-122.343801
CUST0082,Denver,CO,80201,3518.45,879.61,10,10/6/2024,39.74460737,-104.9841389
CUST0083,Chicago,IL,60601,2349.77,1174.88,6,2/14/2025,41.86851945,-87.63602256
CUST0084,Denver,CO,80201,2732.59,170.79,11,3/31/2025,39.74560226,-104.9991213
CUST0085,Nashville,TN,37201,4494.26,1498.09,18,2/6/2025,36.15469742,-86.78792873
CUST0086,San Diego,CA,92101,534.64,534.64,5,8/18/2024,32.72786034,-117.1628714
CUST0087,Austin,TX,73301,2566.74,197.44,9,6/30/2024,30.27514589,-97.72795365
CUST0088,Boston,MA,2101,4380.54,273.78,17,3/13/2025,42.36178128,-71.05964365
CUST0089,Boston,MA,2101,2474.16,176.73,2,11/5/2024,42.36576557,-71.0568875
CUST0090,Seattle,WA,98101,2292.32,764.11,19,3/24/2025,47.61293666,-122.3348877
CUST0091,Dallas,TX,75201,2863.43,168.44,7,1/12/2025,32.77226775,-96.80350789
CUST0092,Austin,TX,73301,1780.34,445.08,10,1/31/2025,30.26701895,-97.71827158
CUST0093,Chicago,IL,60601,2731.82,1365.91,15,7/18/2024,41.89479434,-87.61013864
CUST0094,Dallas,TX,75201,1490.5,248.42,2,5/28/2024,32.78027691,-96.79872635
CUST0095,Austin,TX,73301,136.92,22.82,6,12/17/2024,30.2661809,-97.74413451
CUST0096,Boston,MA,2101,4494.15,1498.05,19,3/8/2025,42.36270457,-71.06050238
CUST0097,San Diego,CA,92101,2049.49,186.32,4,5/8/2024,32.71423229,-117.1524461
CUST0098,Boston,MA,2101,3642.19,1821.1,15,9/17/2024,42.34330595,-71.0545664
CUST0099,Atlanta,GA,30301,1016.51,254.13,19,9/8/2024,33.73372458,-84.38951915
CUST0100,Austin,TX,73301,3092.04,515.34,5,11/20/2024,30.26802037,-97.73523172
CUST0101,Denver,CO,80201,353.94,19.66,10,7/21/2024,39.75006293,-104.9957689
CUST0102,Austin,TX,73301,780.24,86.69,17,7/17/2024,30.26276661,-97.71566152
CUST0103,Phoenix,AZ,85001,3992.02,234.82,5,5/25/2024,33.44440258,-112.0549497
CUST0104,Atlanta,GA,30301,3681.25,409.03,2,1/22/2025,33.75668101,-84.39189208
CUST0105,San Diego,CA,92101,335.66,41.96,11,4/12/2024,32.72762847,-117.1536203
CUST0106,Denver,CO,80201,904.9,180.98,19,1/20/2025,39.71791893,-104.9863922
CUST0107,Dallas,TX,75201,2022.98,252.87,8,6/17/2024,32.78552533,-96.7970445
CUST0108,San Diego,CA,92101,2744.93,183,1,11/6/2024,32.70789499,-117.1761341
CUST0109,Seattle,WA,98101,2763.41,345.43,8,2/28/2025,47.59521414,-122.3185625
CUST0110,Chicago,IL,60601,3990.72,3990.72,7,11/2/2024,41.87540639,-87.63849844
CUST0111,Atlanta,GA,30301,3915,3915,4,1/12/2025,33.74948241,-84.37159057
CUST0112,Dallas,TX,75201,1776.2,296.03,13,10/31/2024,32.77220574,-96.82196515
CUST0113,Chicago,IL,60601,2046.71,255.84,5,11/2/2024,41.88756989,-87.63922165
CUST0114,Seattle,WA,98101,159.8,8.41,19,6/20/2024,47.61718099,-122.3143241
CUST0115,Chicago,IL,60601,989.83,98.98,8,3/1/2025,41.87593056,-87.64452204
CUST0116,Dallas,TX,75201,4741.69,395.14,13,12/25/2024,32.80445752,-96.79870779
CUST0117,Boston,MA,2101,4373.41,364.45,12,4/17/2024,42.35397352,-71.04698151
CUST0118,Nashville,TN,37201,2178.24,155.59,8,6/15/2024,36.15909772,-86.77218927
CUST0119,Atlanta,GA,30301,4925.72,351.84,4,10/8/2024,33.74526574,-84.38048117
CUST0120,San Diego,CA,92101,2642.31,330.29,15,11/10/2024,32.73397164,-117.166904
CUST0121,Dallas,TX,75201,4033.98,448.22,3,2/4/2025,32.79051783,-96.80247368
CUST0122,San Diego,CA,92101,1797.1,99.84,2,4/26/2024,32.70497235,-117.1626074
CUST0123,Denver,CO,80201,1316.31,188.04,6,4/29/2024,39.75038826,-104.9969822
CUST0124,San Diego,CA,92101,1178.48,65.47,17,5/6/2024,32.71200889,-117.1616454
CUST0125,Boston,MA,2101,2560.76,2560.76,13,9/5/2024,42.37349705,-71.06329617
CUST0126,Austin,TX,73301,279.09,17.44,8,3/20/2025,30.28388582,-97.76659351
CUST0127,Austin,TX,73301,2063.74,343.96,19,5/24/2024,30.26701362,-97.7471581
CUST0128,Phoenix,AZ,85001,4735.97,473.6,10,10/28/2024,33.44638109,-112.0706959
CUST0129,Seattle,WA,98101,4348.27,543.53,1,5/30/2024,47.6029553,-122.3372832
CUST0130,Boston,MA,2101,610.13,40.68,5,1/31/2025,42.36143215,-71.05021707
CUST0131,Boston,MA,2101,587.26,41.95,14,10/25/2024,42.3572419,-71.07057531
CUST0132,Phoenix,AZ,85001,4492.05,641.72,10,7/19/2024,33.45688838,-112.0653322
CUST0133,Denver,CO,80201,2956.9,164.27,2,6/9/2024,39.72501341,-104.9786084
CUST0134,Seattle,WA,98101,1878.99,156.58,5,6/19/2024,47.62246695,-122.3516988
CUST0135,Seattle,WA,98101,4319.23,1439.74,12,7/2/2024,47.61166415,-122.3397598
CUST0136,Phoenix,AZ,85001,4019.29,236.43,18,12/14/2024,33.46701429,-112.069123
CUST0137,Seattle,WA,98101,3204.04,457.72,9,8/5/2024,47.59999283,-122.3114603
CUST0138,Dallas,TX,75201,2675.88,205.84,2,9/5/2024,32.78950178,-96.79460428
CUST0139,Atlanta,GA,30301,4093.77,454.86,6,3/5/2025,33.77005574,-84.38282408
CUST0140,Dallas,TX,75201,3628.99,362.9,6,9/1/2024,32.79620533,-96.78429505
CUST0141,Nashville,TN,37201,2521.94,252.19,13,9/30/2024,36.15375181,-86.77973909
CUST0142,San Diego,CA,92101,3716.36,195.6,4,6/30/2024,32.72824415,-117.1612461
CUST0143,Phoenix,AZ,85001,3090.98,1545.49,15,11/7/2024,33.45095321,-112.0682096
CUST0144,Austin,TX,73301,1422.56,94.84,19,8/24/2024,30.27236,-97.73767324
CUST0145,Seattle,WA,98101,3154.33,1577.16,9,9/19/2024,47.59954087,-122.3478056
CUST0146,Boston,MA,2101,2230.65,318.66,3,11/28/2024,42.35692214,-71.06658898
CUST0147,Austin,TX,73301,770.41,77.04,17,6/9/2024,30.27691621,-97.72713852
CUST0148,Austin,TX,73301,3328.04,208,6,9/20/2024,30.26929834,-97.75660961
CUST0149,Dallas,TX,75201,352.82,23.52,10,3/23/2025,32.78818485,-96.79866152
CUST0150,Atlanta,GA,30301,3682.02,193.79,16,5/15/2024,33.76129069,-84.39080416
CUST0151,Phoenix,AZ,85001,2330.2,233.02,7,7/9/2024,33.43725931,-112.0558596
CUST0152,Seattle,WA,98101,4436.49,403.32,8,10/7/2024,47.62444173,-122.3490451
CUST0153,Boston,MA,2101,2743.51,211.04,18,10/29/2024,42.3626705,-71.05110369
CUST0154,Seattle,WA,98101,219.56,21.96,2,7/31/2024,47.61082284,-122.3193452
CUST0155,Denver,CO,80201,443.15,31.65,17,5/25/2024,39.76298898,-104.9936284
CUST0156,Boston,MA,2101,1431.27,143.13,7,5/3/2024,42.35127369,-71.05206342
CUST0157,Denver,CO,80201,2389.82,132.77,4,11/13/2024,39.72066322,-105.002074
CUST0158,Boston,MA,2101,709.74,141.95,5,9/22/2024,42.36831543,-71.05792387
CUST0159,Seattle,WA,98101,918.47,229.62,8,11/11/2024,47.60523622,-122.3240269
CUST0160,Denver,CO,80201,2612.17,261.22,11,8/25/2024,39.73584133,-104.9910405
CUST0161,Dallas,TX,75201,3919.96,653.33,5,7/21/2024,32.76750825,-96.79428519
CUST0162,Nashville,TN,37201,4645.99,273.29,10,10/12/2024,36.16169653,-86.78003013
CUST0163,Denver,CO,80201,4097.58,682.93,13,12/9/2024,39.71754333,-104.9987837
CUST0164,Nashville,TN,37201,317.45,158.72,12,10/20/2024,36.16543499,-86.7691639
CUST0165,Atlanta,GA,30301,3702.54,1851.27,15,3/1/2025,33.75884101,-84.39950684
CUST0166,Dallas,TX,75201,2709.75,541.95,16,6/28/2024,32.74519191,-96.80870223
CUST0167,Denver,CO,80201,4140.94,517.62,2,2/27/2025,39.72360604,-104.9853745
CUST0168,San Diego,CA,92101,2654.18,165.89,8,1/6/2025,32.72820482,-117.1549273
CUST0169,Nashville,TN,37201,4657.44,1164.36,6,10/2/2024,36.15832882,-86.77853286
CUST0170,Atlanta,GA,30301,3743.19,207.96,4,7/24/2024,33.75028745,-84.37721548
CUST0171,Phoenix,AZ,85001,1046.35,80.49,14,11/4/2024,33.45024642,-112.0691004
CUST0172,Seattle,WA,98101,3206.63,246.66,3,5/17/2024,47.62186387,-122.3323635
CUST0173,Atlanta,GA,30301,602.3,150.57,4,8/9/2024,33.75751903,-84.38023101
CUST0174,San Diego,CA,92101,1794.83,99.71,18,7/12/2024,32.71441078,-117.1562279
CUST0175,Phoenix,AZ,85001,421.57,421.57,6,1/19/2025,33.44432316,-112.0626878
CUST0176,Phoenix,AZ,85001,2284.92,163.21,2,6/27/2024,33.45088952,-112.0583409
CUST0177,Chicago,IL,60601,4215.74,281.05,14,1/14/2025,41.86719696,-87.62127543
CUST0178,Austin,TX,73301,4819.86,321.32,16,4/16/2024,30.2577274,-97.72339863
CUST0179,Nashville,TN,37201,2267.26,2267.26,6,3/24/2025,36.15219698,-86.7735981
CUST0180,Austin,TX,73301,3293.17,274.43,18,7/11/2024,30.29515546,-97.75656414
CUST0181,Nashville,TN,37201,4356.25,544.53,15,3/12/2025,36.16459929,-86.77392486
CUST0182,Denver,CO,80201,4004.31,333.69,3,2/21/2025,39.75638113,-104.9749896
CUST0183,Chicago,IL,60601,2208.5,368.08,16,5/24/2024,41.86673545,-87.61845416
CUST0184,Seattle,WA,98101,4008.04,364.37,13,9/11/2024,47.60547694,-122.3542388
CUST0185,San Diego,CA,92101,1529.15,117.63,1,12/27/2024,32.72257997,-117.1553088
CUST0186,Denver,CO,80201,614.16,36.13,12,2/21/2025,39.73996397,-105.0015836
CUST0187,San Diego,CA,92101,1130.71,1130.71,10,8/9/2024,32.72208383,-117.1804173
CUST0188,Austin,TX,73301,4424.41,4424.41,13,12/13/2024,30.25614628,-97.7510732
CUST0189,San Diego,CA,92101,2880.95,205.78,18,11/16/2024,32.71506537,-117.1644498
CUST0190,Austin,TX,73301,4762.59,1587.53,6,3/30/2025,30.2881198,-97.73642074
CUST0191,Boston,MA,2101,4742.02,316.13,7,1/14/2025,42.38155885,-71.04827761
CUST0192,San Diego,CA,92101,2316.36,772.12,9,10/2/2024,32.71630478,-117.1579545
CUST0193,San Diego,CA,92101,3007.07,250.59,13,3/14/2025,32.71679653,-117.1557583
CUST0194,Phoenix,AZ,85001,2403.89,184.91,8,8/30/2024,33.45618687,-112.0587068
CUST0195,Denver,CO,80201,892.2,148.7,18,9/9/2024,39.74038003,-104.9887997
CUST0196,Dallas,TX,75201,2075.98,138.4,1,5/11/2024,32.79131253,-96.80274747
CUST0197,Atlanta,GA,30301,1795.08,149.59,18,10/13/2024,33.77593572,-84.38587782
CUST0198,Dallas,TX,75201,3653.76,913.44,2,5/8/2024,32.77827373,-96.7911634
CUST0199,Dallas,TX,75201,4961.45,413.45,3,8/14/2024,32.79246327,-96.80126811
CUST0200,Austin,TX,73301,744.68,93.08,4,8/11/2024,30.28659948,-97.72724356
CUST0201,Seattle,WA,98101,986.79,197.36,6,2/26/2025,47.615436,-122.3337061
CUST0202,Boston,MA,2101,2939.13,1469.57,7,5/17/2024,42.34674924,-71.04926948
CUST0203,Seattle,WA,98101,4304.13,860.83,1,10/26/2024,47.60953079,-122.3252296
CUST0204,Dallas,TX,75201,460.13,32.87,16,1/5/2025,32.78996267,-96.80493757
CUST0205,Austin,TX,73301,2302.23,287.78,11,4/7/2025,30.2625798,-97.75304655
CUST0206,Nashville,TN,37201,3067.14,204.48,5,9/16/2024,36.17214509,-86.78089523
CUST0207,Boston,MA,2101,2968.24,197.88,6,12/21/2024,42.35483551,-71.05955756
CUST0208,Seattle,WA,98101,702.56,140.51,1,12/10/2024,47.6037613,-122.3353674
CUST0209,Atlanta,GA,30301,606.21,31.91,14,3/27/2025,33.75139343,-84.38547465
CUST0210,Nashville,TN,37201,2942.55,196.17,11,10/12/2024,36.16427871,-86.80087889
CUST0211,Phoenix,AZ,85001,246.87,18.99,16,8/17/2024,33.44267316,-112.0649457
CUST0212,Atlanta,GA,30301,560.11,70.01,6,4/3/2025,33.74897156,-84.39026794
CUST0213,Seattle,WA,98101,3127.45,390.93,15,8/19/2024,47.60597965,-122.3272097
CUST0214,Nashville,TN,37201,3478.68,3478.68,1,11/12/2024,36.16839185,-86.76184627
CUST0215,Seattle,WA,98101,4997.13,832.86,9,10/29/2024,47.62005143,-122.3325238
CUST0216,Nashville,TN,37201,543.36,60.37,11,5/19/2024,36.1722319,-86.77305767
CUST0217,Chicago,IL,60601,3371.21,561.87,2,1/16/2025,41.87635798,-87.62247124
CUST0218,Austin,TX,73301,689.02,98.43,15,2/2/2025,30.25721977,-97.75643741
CUST0219,Atlanta,GA,30301,1964.06,1964.06,17,8/27/2024,33.73706855,-84.39600974
CUST0220,Dallas,TX,75201,2976.6,372.07,14,5/13/2024,32.78002782,-96.7837957
CUST0221,Atlanta,GA,30301,4330.33,270.65,2,12/12/2024,33.75089608,-84.40181394
CUST0222,Chicago,IL,60601,3078.73,192.42,6,6/10/2024,41.87747314,-87.62607915
CUST0223,Denver,CO,80201,395.31,30.41,19,6/22/2024,39.74390402,-105.0011004
CUST0224,Atlanta,GA,30301,1495.88,99.73,3,11/23/2024,33.75918317,-84.40570501
CUST0225,Seattle,WA,98101,2059.54,158.43,4,1/8/2025,47.60865732,-122.3315922
CUST0226,Dallas,TX,75201,4018.93,574.13,17,6/14/2024,32.77856154,-96.79203791
CUST0227,San Diego,CA,92101,4049.36,4049.36,12,10/17/2024,32.72471961,-117.1586078
CUST0228,Phoenix,AZ,85001,3226.13,358.46,9,7/11/2024,33.43597395,-112.0525042
CUST0229,Dallas,TX,75201,4510.11,281.88,17,11/5/2024,32.77142726,-96.810583
CUST0230,Boston,MA,2101,4130.81,590.12,10,4/28/2024,42.36239477,-71.06782018
CUST0231,Austin,TX,73301,2177.33,435.47,15,2/18/2025,30.27633777,-97.73586201
CUST0232,Phoenix,AZ,85001,2723.25,170.2,5,11/16/2024,33.44299651,-112.07643
CUST0233,Dallas,TX,75201,1358.73,104.52,2,5/23/2024,32.78414542,-96.80772304
CUST0234,Denver,CO,80201,2269.31,324.19,9,8/10/2024,39.74389961,-104.9779593
CUST0235,San Diego,CA,92101,2934.1,419.16,13,3/3/2025,32.71418319,-117.1701476
CUST0236,San Diego,CA,92101,1839.48,459.87,13,2/18/2025,32.72493383,-117.1503459
CUST0237,Atlanta,GA,30301,1428.62,178.58,18,1/31/2025,33.73006264,-84.38625943
CUST0238,Denver,CO,80201,1032.59,516.29,12,7/24/2024,39.72048882,-104.9962893
CUST0239,San Diego,CA,92101,2855.25,713.81,5,5/10/2024,32.7331121,-117.1530559
CUST0240,Phoenix,AZ,85001,2725.56,170.35,12,11/14/2024,33.42664427,-112.074993
CUST0241,Phoenix,AZ,85001,2056.65,257.08,5,4/13/2024,33.44246702,-112.0621068
CUST0242,Atlanta,GA,30301,555.35,30.85,8,8/20/2024,33.75298052,-84.37998072
CUST0243,San Diego,CA,92101,880.59,62.9,4,11/8/2024,32.71214011,-117.1733123
CUST0244,Atlanta,GA,30301,1796.98,199.66,1,5/12/2024,33.74449273,-84.38186806
CUST0245,Dallas,TX,75201,3042.91,507.15,3,11/16/2024,32.78081829,-96.8009889
CUST0246,Denver,CO,80201,3404.09,340.41,14,11/25/2024,39.73638614,-104.994501
CUST0247,Nashville,TN,37201,1680.39,560.13,2,4/26/2024,36.14963424,-86.76686931
CUST0248,Chicago,IL,60601,2907.9,290.79,2,7/1/2024,41.86030853,-87.63218251
CUST0249,Austin,TX,73301,3070.64,219.33,3,3/14/2025,30.26200461,-97.73648452
CUST0250,Atlanta,GA,30301,226.48,15.1,4,10/17/2024,33.75507758,-84.38946012
CUST0251,Chicago,IL,60601,2253.61,375.6,11,7/28/2024,41.86343567,-87.61743564
CUST0252,Denver,CO,80201,2865.76,1432.88,10,4/28/2024,39.74148667,-104.9933709
CUST0253,Nashville,TN,37201,2208.65,245.41,3,11/10/2024,36.15632776,-86.78706757
CUST0254,Denver,CO,80201,971.06,60.69,1,7/22/2024,39.72725631,-104.9837392
CUST0255,Atlanta,GA,30301,3114.58,778.64,6,8/20/2024,33.75877079,-84.38326435
CUST0256,Denver,CO,80201,1902.02,135.86,7,8/22/2024,39.74418207,-104.9910182
CUST0257,Phoenix,AZ,85001,2139.15,356.53,15,11/10/2024,33.44453756,-112.066082
CUST0258,Phoenix,AZ,85001,3132.85,240.99,18,9/7/2024,33.44877653,-112.0743516
CUST0259,Austin,TX,73301,2785,696.25,2,2/15/2025,30.27732345,-97.75238296
CUST0260,Denver,CO,80201,1941.85,323.64,10,3/18/2025,39.7429145,-104.9973068
CUST0261,Nashville,TN,37201,3471.86,216.99,1,3/29/2025,36.15912362,-86.77847282
CUST0262,Boston,MA,2101,2361.24,214.66,2,7/18/2024,42.36276544,-71.05200501
CUST0263,Austin,TX,73301,426.59,32.81,19,1/29/2025,30.27088647,-97.72277871
CUST0264,Atlanta,GA,30301,334.37,41.8,11,12/20/2024,33.74876986,-84.38905821
CUST0265,Austin,TX,73301,4786.86,598.36,14,8/23/2024,30.28200414,-97.74656894
CUST0266,Phoenix,AZ,85001,3940.83,207.41,11,7/21/2024,33.46255198,-112.0681158
CUST0267,Boston,MA,2101,1398.73,233.12,15,8/31/2024,42.36174019,-71.05754266
CUST0268,Boston,MA,2101,3160.85,1580.42,15,2/18/2025,42.35138616,-71.06880462
CUST0269,Nashville,TN,37201,3255.13,180.84,10,11/10/2024,36.15926931,-86.79067017
CUST0270,Seattle,WA,98101,3049.22,190.58,2,3/28/2025,47.60170963,-122.327983
CUST0271,Boston,MA,2101,2217.18,123.18,12,6/24/2024,42.35679225,-71.06002602
CUST0272,Atlanta,GA,30301,1500.94,214.42,17,7/14/2024,33.74832878,-84.3871742
CUST0273,Atlanta,GA,30301,4894.15,349.58,8,8/13/2024,33.75662881,-84.37826526
CUST0274,San Diego,CA,92101,3790.62,291.59,18,7/24/2024,32.72399688,-117.1665136
CUST0275,Seattle,WA,98101,1146.21,60.33,12,7/4/2024,47.6330041,-122.3192457
CUST0276,Boston,MA,2101,3098.51,163.08,7,12/21/2024,42.37289753,-71.05326819
CUST0277,Boston,MA,2101,2361.63,147.6,8,11/30/2024,42.36539132,-71.05658371
CUST0278,Chicago,IL,60601,585.97,58.6,2,3/29/2025,41.88759211,-87.62416114
CUST0279,Seattle,WA,98101,1841.38,141.64,9,1/12/2025,47.61230933,-122.3276358
CUST0280,Austin,TX,73301,154.05,77.03,11,8/8/2024,30.26893938,-97.72778003
CUST0281,Denver,CO,80201,4982.04,1245.51,15,11/27/2024,39.74589057,-104.9866128
CUST0282,Denver,CO,80201,775.33,129.22,8,4/14/2024,39.75166549,-104.99573
CUST0283,Chicago,IL,60601,2071.4,295.91,4,8/30/2024,41.87435752,-87.62815449
CUST0284,Dallas,TX,75201,2851.27,712.82,2,11/1/2024,32.7737521,-96.7917215
CUST0285,Denver,CO,80201,2541.45,181.53,19,11/7/2024,39.75115902,-104.9964927
CUST0286,San Diego,CA,92101,1128.23,282.06,19,10/17/2024,32.71568204,-117.1688604
CUST0287,Phoenix,AZ,85001,1255.7,73.86,15,5/30/2024,33.45189848,-112.0642324
CUST0288,Austin,TX,73301,3224.01,201.5,15,9/22/2024,30.2730378,-97.75376692
CUST0289,Dallas,TX,75201,1739.11,133.78,11,12/16/2024,32.79686988,-96.78326062
CUST0290,San Diego,CA,92101,2638.59,202.97,19,8/6/2024,32.71416588,-117.173009
CUST0291,Atlanta,GA,30301,2456.44,245.64,5,4/17/2024,33.74972485,-84.37227748
CUST0292,Austin,TX,73301,3923.04,980.76,6,6/15/2024,30.27354778,-97.75097862
CUST0293,Nashville,TN,37201,3781.74,945.43,12,12/23/2024,36.15023625,-86.78892456
CUST0294,Denver,CO,80201,1450.5,103.61,10,5/7/2024,39.72930749,-105.0093652
CUST0295,Nashville,TN,37201,3905.88,325.49,9,6/11/2024,36.17053057,-86.75966695
CUST0296,Atlanta,GA,30301,2708.86,2708.86,7,1/28/2025,33.75247077,-84.38912669
CUST0297,Phoenix,AZ,85001,2027.89,168.99,14,5/30/2024,33.45408345,-112.070047
CUST0298,Atlanta,GA,30301,3305.46,661.09,17,4/28/2024,33.74392654,-84.37370677
CUST0299,Nashville,TN,37201,4268.02,4268.02,17,11/7/2024,36.15704459,-86.77847684
CUST0300,San Diego,CA,92101,2789.31,1394.65,6,9/22/2024,32.71763358,-117.1484971
CUST0301,Atlanta,GA,30301,4733.92,295.87,2,5/13/2024,33.72637068,-84.40009731
CUST0302,Phoenix,AZ,85001,2772.62,184.84,8,6/18/2024,33.44817104,-112.0562512
CUST0303,Denver,CO,80201,3952.76,564.68,4,9/6/2024,39.73025964,-104.985405
CUST0304,Nashville,TN,37201,2844.89,167.35,2,8/3/2024,36.1688311,-86.78077837
CUST0305,Austin,TX,73301,2014.57,671.52,6,10/23/2024,30.28038389,-97.73494576
CUST0306,Seattle,WA,98101,557.7,111.54,19,7/15/2024,47.6111327,-122.3443828
CUST0307,Boston,MA,2101,1847.69,205.3,4,1/13/2025,42.37049654,-71.07380543
CUST0308,Boston,MA,2101,2648.93,441.49,12,7/19/2024,42.34434328,-71.04702245
CUST0309,Seattle,WA,98101,927.39,154.56,1,8/31/2024,47.60453493,-122.3351572
CUST0310,Atlanta,GA,30301,3689.91,230.62,11,12/28/2024,33.77062525,-84.40067533
CUST0311,San Diego,CA,92101,4298.68,477.63,12,6/10/2024,32.70942284,-117.1604102
CUST0312,Seattle,WA,98101,913.18,152.2,5,3/14/2025,47.60497897,-122.3244131
CUST0313,Atlanta,GA,30301,4869.94,541.1,6,11/25/2024,33.73993457,-84.37860121
CUST0314,Seattle,WA,98101,4126.02,343.84,9,9/7/2024,47.61736758,-122.3356696
CUST0315,Dallas,TX,75201,1297.27,1297.27,3,10/10/2024,32.78249199,-96.79578527
CUST0316,Seattle,WA,98101,3769.25,235.58,17,5/18/2024,47.61429331,-122.3261756
CUST0317,Denver,CO,80201,252.47,15.78,2,2/1/2025,39.73076867,-104.9849618
CUST0318,Chicago,IL,60601,1213.18,151.65,3,4/4/2025,41.8766402,-87.62567271
CUST0319,Atlanta,GA,30301,262.63,18.76,14,2/28/2025,33.75282208,-84.3825344
CUST0320,San Diego,CA,92101,3386.59,1693.3,14,3/1/2025,32.71427703,-117.1732101
CUST0321,Denver,CO,80201,2122.53,151.61,17,7/1/2024,39.73594375,-104.9906739
CUST0322,San Diego,CA,92101,1472.18,92.01,19,12/19/2024,32.72195975,-117.1568302
CUST0323,Nashville,TN,37201,4213.36,324.1,7,9/14/2024,36.15064561,-86.76914018
CUST0324,Phoenix,AZ,85001,2710.11,142.64,15,12/9/2024,33.45367287,-112.0516182
CUST0325,Boston,MA,2101,1390.25,154.47,1,6/4/2024,42.36799942,-71.07616311
CUST0326,Denver,CO,80201,1209.12,86.37,9,9/24/2024,39.73642898,-104.9820562
CUST0327,San Diego,CA,92101,4472.28,279.52,17,11/1/2024,32.70373989,-117.1649586
CUST0328,Seattle,WA,98101,2909.41,581.88,16,7/6/2024,47.60936777,-122.3452153
CUST0329,Atlanta,GA,30301,559.9,62.21,4,3/4/2025,33.75653283,-84.36312466
CUST0330,Boston,MA,2101,1653.04,137.75,14,2/20/2025,42.35611426,-71.06884816
CUST0331,Chicago,IL,60601,2272.56,284.07,19,3/1/2025,41.89639965,-87.62257873
CUST0332,Chicago,IL,60601,3414.49,853.62,12,1/31/2025,41.88424234,-87.62856661
CUST0333,Seattle,WA,98101,2417.2,268.58,1,1/26/2025,47.60377351,-122.3280539
CUST0334,Nashville,TN,37201,114.31,9.53,6,9/2/2024,36.15804702,-86.77695338
CUST0335,Dallas,TX,75201,4860.51,373.89,17,4/18/2024,32.78452033,-96.8124006
CUST0336,Chicago,IL,60601,1114.26,85.71,6,2/18/2025,41.8908448,-87.6357753
CUST0337,Austin,TX,73301,1170.7,117.07,11,6/2/2024,30.26839867,-97.7332866
CUST0338,Atlanta,GA,30301,1494.36,87.9,19,2/8/2025,33.76076007,-84.38978688
CUST0339,Denver,CO,80201,2307.93,164.85,13,4/7/2025,39.75480568,-104.9970935
CUST0340,Boston,MA,2101,4547.29,349.79,12,8/11/2024,42.3705195,-71.06978955
CUST0341,Dallas,TX,75201,3634.83,259.63,13,9/5/2024,32.78818631,-96.81205004
CUST0342,Austin,TX,73301,2335.56,129.75,5,11/12/2024,30.28132035,-97.71800902
CUST0343,Austin,TX,73301,447.94,23.58,15,2/26/2025,30.27168655,-97.73558059
CUST0344,Nashville,TN,37201,3267.61,171.98,11,7/16/2024,36.14859221,-86.77993197
CUST0345,Nashville,TN,37201,3101.61,1033.87,6,11/4/2024,36.16209912,-86.76313361
CUST0346,Denver,CO,80201,2716.44,339.56,2,1/17/2025,39.74316943,-104.9709906
CUST0347,Austin,TX,73301,513.52,34.23,5,9/7/2024,30.26429854,-97.73381515
CUST0348,Nashville,TN,37201,3672.95,612.16,11,11/13/2024,36.15261369,-86.78168055
CUST0349,Nashville,TN,37201,1600.94,133.41,2,6/24/2024,36.16288694,-86.77739678
CUST0350,Nashville,TN,37201,2211.83,276.48,11,2/19/2025,36.15921729,-86.7834561
CUST0351,Boston,MA,2101,1935.31,387.06,7,9/24/2024,42.35845534,-71.05569427
CUST0352,Dallas,TX,75201,3264.53,1088.18,11,12/3/2024,32.77134487,-96.79791645
CUST0353,Atlanta,GA,30301,2702.32,168.9,12,5/22/2024,33.75027951,-84.38581813
CUST0354,Chicago,IL,60601,586.58,41.9,11,8/17/2024,41.8639264,-87.63899788
CUST0355,Atlanta,GA,30301,1517.3,303.46,5,10/20/2024,33.74525226,-84.41286718
CUST0356,San Diego,CA,92101,3054.42,339.38,17,6/27/2024,32.70460333,-117.1748628
CUST0357,San Diego,CA,92101,2752.9,550.58,9,6/7/2024,32.70731964,-117.1587667
CUST0358,Atlanta,GA,30301,4184.88,220.26,3,2/25/2025,33.75542827,-84.38151233
CUST0359,Dallas,TX,75201,382.47,27.32,12,3/18/2025,32.78061116,-96.79506048
CUST0360,Denver,CO,80201,909.69,303.23,13,12/18/2024,39.73478098,-104.9843519
CUST0361,Austin,TX,73301,3699.43,205.52,8,9/6/2024,30.28960691,-97.72872642
CUST0362,Atlanta,GA,30301,3681.01,460.13,5,11/14/2024,33.7552376,-84.38728579
CUST0363,Atlanta,GA,30301,3035.69,233.51,15,11/19/2024,33.74321471,-84.38924328
CUST0364,Boston,MA,2101,1451.26,103.66,12,1/28/2025,42.35875382,-71.07172592
CUST0365,Chicago,IL,60601,4331.38,1082.85,6,1/23/2025,41.88639787,-87.63725269
CUST0366,Nashville,TN,37201,1875.11,110.3,19,9/1/2024,36.17193956,-86.78336898
CUST0367,Chicago,IL,60601,4052.29,1350.76,16,5/14/2024,41.86615353,-87.62036911
CUST0368,Boston,MA,2101,406.04,67.67,3,5/18/2024,42.38333244,-71.05807717
CUST0369,Phoenix,AZ,85001,193.67,17.61,3,2/13/2025,33.47239743,-112.0653993
CUST0370,Atlanta,GA,30301,1857.71,928.86,9,11/7/2024,33.75211641,-84.37274092
CUST0371,Denver,CO,80201,4989.32,623.66,17,5/16/2024,39.75209266,-105.0043956
CUST0372,Atlanta,GA,30301,127.76,15.97,5,10/2/2024,33.76188913,-84.38291696
CUST0373,Chicago,IL,60601,3530.17,441.27,9,6/22/2024,41.87836933,-87.63744903
CUST0374,San Diego,CA,92101,1600.07,200.01,3,10/2/2024,32.73725117,-117.1532794
CUST0375,Denver,CO,80201,2660.63,166.29,2,11/14/2024,39.75455021,-104.9899692
CUST0376,San Diego,CA,92101,346.11,173.06,13,10/6/2024,32.7100197,-117.1676343
CUST0377,Phoenix,AZ,85001,2066.4,147.6,7,2/14/2025,33.45172121,-112.0579737
CUST0378,Atlanta,GA,30301,264.98,13.95,19,5/30/2024,33.74298292,-84.38416412
CUST0379,Phoenix,AZ,85001,2565.11,256.51,10,2/13/2025,33.45209659,-112.0749164
CUST0380,Seattle,WA,98101,3598.37,239.89,4,9/15/2024,47.61226301,-122.3257254
CUST0381,Phoenix,AZ,85001,877.26,438.63,18,8/3/2024,33.44475912,-112.0684765
CUST0382,Austin,TX,73301,1656.18,97.42,18,1/2/2025,30.27884993,-97.73790931
CUST0383,Boston,MA,2101,4212.76,468.08,6,5/18/2024,42.36184901,-71.07052965
CUST0384,Seattle,WA,98101,1635.4,408.85,18,6/5/2024,47.61850898,-122.3313737
CUST0385,Boston,MA,2101,4823.98,964.8,17,10/4/2024,42.36078349,-71.06554872
CUST0386,Nashville,TN,37201,3548.9,354.89,15,3/16/2025,36.16550095,-86.78360032
CUST0387,Atlanta,GA,30301,4833.63,402.8,11,7/9/2024,33.75397702,-84.38842249
CUST0388,Nashville,TN,37201,616.29,32.44,19,11/19/2024,36.13574786,-86.78030172
CUST0389,Nashville,TN,37201,2432.24,152.01,18,7/26/2024,36.14595436,-86.79416498
CUST0390,Phoenix,AZ,85001,3861.08,214.5,5,12/29/2024,33.44603338,-112.0651748
CUST0391,Nashville,TN,37201,4361.84,4361.84,4,12/20/2024,36.16672886,-86.78164416
CUST0392,Chicago,IL,60601,3719.13,619.86,12,11/10/2024,41.87656589,-87.61035305
CUST0393,Austin,TX,73301,4462.05,405.64,3,3/26/2025,30.25256152,-97.73880982
CUST0394,Atlanta,GA,30301,3471.42,267.03,5,12/27/2024,33.747714,-84.39994349
CUST0395,Nashville,TN,37201,3707.38,617.9,17,7/14/2024,36.15922628,-86.77984981
CUST0396,Nashville,TN,37201,4821.15,803.52,1,5/3/2024,36.14303821,-86.78328535
CUST0397,Austin,TX,73301,2654.35,221.2,10,10/3/2024,30.25475295,-97.7535356
CUST0398,Atlanta,GA,30301,1401.36,1401.36,7,8/7/2024,33.75955708,-84.37080999
CUST0399,Atlanta,GA,30301,3267.65,466.81,4,12/18/2024,33.75519865,-84.37056397
CUST0400,Boston,MA,2101,3937.67,492.21,13,9/6/2024,42.3631207,-71.05850068
CUST0401,Seattle,WA,98101,2471.98,164.8,12,9/2/2024,47.61151619,-122.3297457
CUST0402,Phoenix,AZ,85001,3947.43,219.3,11,11/16/2024,33.46470321,-112.0667457
CUST0403,Austin,TX,73301,1204.37,100.36,7,4/11/2024,30.25862859,-97.74939406
CUST0404,Atlanta,GA,30301,2683.6,670.9,15,4/22/2024,33.73829982,-84.38151438
CUST0405,Austin,TX,73301,4742.24,790.37,15,10/31/2024,30.26680152,-97.73848242
CUST0406,Austin,TX,73301,4659.97,517.77,11,8/3/2024,30.25392339,-97.73815259
CUST0407,Dallas,TX,75201,3430.14,686.03,6,6/18/2024,32.76692426,-96.79808339
CUST0408,Denver,CO,80201,912.17,114.02,12,8/16/2024,39.7316131,-104.9859718
CUST0409,Seattle,WA,98101,4283.55,356.96,6,10/21/2024,47.61047961,-122.3266816
CUST0410,Atlanta,GA,30301,2241.28,117.96,6,11/5/2024,33.74177568,-84.37683041
CUST0411,Austin,TX,73301,4804.66,300.29,2,8/4/2024,30.28049984,-97.74317781
CUST0412,Chicago,IL,60601,1311.97,1311.97,11,2/28/2025,41.88562317,-87.62582737
CUST0413,Nashville,TN,37201,4193.5,1048.38,5,11/3/2024,36.16628625,-86.79269395
CUST0414,Boston,MA,2101,4059.59,507.45,2,2/12/2025,42.35529958,-71.05734122
CUST0415,Atlanta,GA,30301,1304.46,434.82,12,11/18/2024,33.749928,-84.3838497
CUST0416,Nashville,TN,37201,3828.94,225.23,3,12/12/2024,36.14295303,-86.78422541
CUST0417,Austin,TX,73301,3958.99,219.94,4,12/15/2024,30.27487164,-97.73342476
CUST0418,Atlanta,GA,30301,276.49,16.26,2,8/14/2024,33.74635451,-84.40461556
CUST0419,Boston,MA,2101,2942.44,980.81,12,6/30/2024,42.35818225,-71.05826659
CUST0420,Phoenix,AZ,85001,4481.06,640.15,8,11/26/2024,33.46411051,-112.0740541
CUST0421,Dallas,TX,75201,4455.55,247.53,13,8/30/2024,32.77139987,-96.81030015
CUST0422,Phoenix,AZ,85001,260.77,18.63,4,7/11/2024,33.44891024,-112.0596604
CUST0423,Boston,MA,2101,4151.06,1037.77,2,3/15/2025,42.37058504,-71.06480377
CUST0424,Seattle,WA,98101,4391.83,337.83,5,4/22/2024,47.61347676,-122.3348723
CUST0425,Nashville,TN,37201,2993.11,498.85,5,5/30/2024,36.14912754,-86.79085825
CUST0426,Denver,CO,80201,4425.4,295.03,4,5/11/2024,39.74679373,-105.0014879
CUST0427,Nashville,TN,37201,4257.28,236.52,5,3/14/2025,36.1514606,-86.78923525
CUST0428,Nashville,TN,37201,1917.61,127.84,4,2/28/2025,36.16705365,-86.78751126
CUST0429,San Diego,CA,92101,2994.13,176.13,16,2/8/2025,32.73497369,-117.1650455
CUST0430,Seattle,WA,98101,3925.1,436.12,17,11/20/2024,47.60675227,-122.306996
CUST0431,Austin,TX,73301,3047.61,203.17,5,12/27/2024,30.27713061,-97.73039861
CUST0432,Denver,CO,80201,1909.48,212.16,2,12/25/2024,39.7372556,-104.9877962
CUST0433,Dallas,TX,75201,3672.01,216,2,7/31/2024,32.78641816,-96.81113853
CUST0434,Atlanta,GA,30301,4297.03,252.77,12,10/15/2024,33.76634135,-84.41143367
CUST0435,Austin,TX,73301,1964.54,130.97,4,3/7/2025,30.2779414,-97.74220255
CUST0436,Austin,TX,73301,223.45,74.48,8,1/20/2025,30.25482126,-97.74357029
CUST0437,Denver,CO,80201,3560.35,3560.35,17,10/22/2024,39.74007063,-104.9966032
CUST0438,San Diego,CA,92101,680.61,42.54,3,11/12/2024,32.71003608,-117.1627987
CUST0439,Dallas,TX,75201,4063.07,1015.77,12,11/8/2024,32.78967488,-96.80560935
CUST0440,Nashville,TN,37201,4003.74,571.96,14,12/15/2024,36.16069747,-86.78639765
CUST0441,Atlanta,GA,30301,1603.21,133.6,17,1/1/2025,33.76009065,-84.39185429
CUST0442,Atlanta,GA,30301,434.93,434.93,18,3/20/2025,33.74489665,-84.3878825
CUST0443,Phoenix,AZ,85001,4727.8,363.68,7,1/19/2025,33.45263839,-112.0736037
CUST0444,San Diego,CA,92101,3045.4,169.19,10,4/12/2024,32.70671685,-117.1592253
CUST0445,San Diego,CA,92101,2784.15,309.35,5,1/16/2025,32.71357243,-117.1429848
CUST0446,Austin,TX,73301,2048.3,682.77,10,12/31/2024,30.25252547,-97.74128042
CUST0447,Boston,MA,2101,3318.1,301.65,7,9/1/2024,42.3545332,-71.06271655
CUST0448,Denver,CO,80201,3155.88,210.39,2,6/3/2024,39.74811397,-105.0014826
CUST0449,Austin,TX,73301,3393.07,565.51,9,12/29/2024,30.29155333,-97.74977562
CUST0450,San Diego,CA,92101,4701.38,1175.35,2,3/14/2025,32.72142056,-117.1650088
CUST0451,Chicago,IL,60601,4687.71,520.86,4,1/15/2025,41.8789023,-87.62502515
CUST0452,Dallas,TX,75201,3723.1,620.52,16,10/24/2024,32.77135609,-96.80140928
CUST0453,Atlanta,GA,30301,4581.29,305.42,15,11/27/2024,33.76677463,-84.39492446
CUST0454,Dallas,TX,75201,4981.69,293.04,11,2/26/2025,32.78807531,-96.80973242
CUST0455,Boston,MA,2101,3304.57,220.3,15,2/4/2025,42.35026885,-71.07877443
CUST0456,Dallas,TX,75201,3025.77,189.11,18,1/4/2025,32.78499685,-96.79527998
CUST0457,Boston,MA,2101,1081.38,108.14,6,5/22/2024,42.36977568,-71.06752845
CUST0458,Austin,TX,73301,4611.76,768.63,11,4/28/2024,30.27853386,-97.74388829
CUST0459,Austin,TX,73301,4487.2,498.58,18,2/11/2025,30.26579605,-97.72637383
CUST0460,Dallas,TX,75201,1317.08,219.51,8,12/15/2024,32.78538324,-96.79815752
CUST0461,Seattle,WA,98101,4141.24,376.48,13,7/22/2024,47.5933539,-122.3137386
CUST0462,San Diego,CA,92101,238.73,15.92,1,6/1/2024,32.72737291,-117.1615862
CUST0463,Atlanta,GA,30301,886.27,177.25,17,9/18/2024,33.75808893,-84.38453536
CUST0464,Denver,CO,80201,641.12,128.22,1,9/24/2024,39.73895876,-104.9822024
CUST0465,Dallas,TX,75201,2724.21,209.55,14,3/7/2025,32.78561402,-96.79393572
CUST0466,Dallas,TX,75201,1930.25,275.75,16,1/1/2025,32.78637897,-96.80286721
CUST0467,San Diego,CA,92101,2811.52,937.17,7,11/9/2024,32.73447587,-117.1589383
CUST0468,Phoenix,AZ,85001,4205.75,262.86,3,5/30/2024,33.4267837,-112.080657
CUST0469,Chicago,IL,60601,1225.03,94.23,17,8/4/2024,41.88112105,-87.61255361
CUST0470,San Diego,CA,92101,2752.71,161.92,11,12/7/2024,32.71220344,-117.1628789
CUST0471,Chicago,IL,60601,680.23,68.02,11,9/14/2024,41.87491611,-87.63660742
CUST0472,Denver,CO,80201,1744.8,218.1,11,11/22/2024,39.72414017,-105.0087992
CUST0473,Denver,CO,80201,3426.99,428.37,15,4/19/2024,39.75015228,-104.9924123
CUST0474,Seattle,WA,98101,208.49,13.9,13,2/19/2025,47.60074575,-122.3274462
CUST0475,Phoenix,AZ,85001,799.93,47.05,7,7/13/2024,33.45858451,-112.0723462
CUST0476,Phoenix,AZ,85001,3887.63,555.38,1,8/10/2024,33.46027695,-112.0667977
CUST0477,Denver,CO,80201,2847.32,258.85,16,3/14/2025,39.74915417,-104.9792662
CUST0478,Boston,MA,2101,4196.98,262.31,9,4/9/2024,42.37096469,-71.06625677
CUST0479,Denver,CO,80201,4120.93,457.88,13,7/11/2024,39.73199961,-104.9906352
CUST0480,Nashville,TN,37201,4037.33,212.49,16,9/26/2024,36.16848431,-86.80246889
CUST0481,Chicago,IL,60601,4254.85,250.29,13,1/16/2025,41.89200079,-87.63491902
CUST0482,Chicago,IL,60601,4986.19,498.62,3,5/4/2024,41.88151012,-87.63283268
CUST0483,Boston,MA,2101,436.7,109.17,11,12/7/2024,42.36581433,-71.06203236
CUST0484,Seattle,WA,98101,3342.25,196.6,9,4/25/2024,47.60236876,-122.3275107
CUST0485,Boston,MA,2101,2787.25,696.81,8,9/19/2024,42.37396597,-71.05585352
CUST0486,Phoenix,AZ,85001,3419.62,201.15,3,9/9/2024,33.4640337,-112.063021
CUST0487,Phoenix,AZ,85001,3346.17,557.7,17,9/5/2024,33.43738351,-112.0501019
CUST0488,Dallas,TX,75201,4456.73,891.35,10,5/11/2024,32.79809306,-96.80218046
CUST0489,San Diego,CA,92101,1992.44,249.06,8,8/14/2024,32.71629492,-117.1740557
CUST0490,Dallas,TX,75201,2584.59,172.31,16,1/17/2025,32.76959708,-96.79759575
CUST0491,Denver,CO,80201,4126.97,229.28,17,2/5/2025,39.72908066,-104.9810975
CUST0492,San Diego,CA,92101,3766.34,3766.34,13,11/3/2024,32.7023508,-117.1629385
CUST0493,Chicago,IL,60601,4136.46,413.65,7,9/13/2024,41.88712628,-87.62240454
CUST0494,San Diego,CA,92101,3954.87,790.97,12,10/29/2024,32.71539924,-117.1606639
CUST0495,San Diego,CA,92101,265.01,88.34,15,4/3/2025,32.72980094,-117.1564411
CUST0496,San Diego,CA,92101,2202.03,157.29,8,7/27/2024,32.72335058,-117.1568384
CUST0497,Austin,TX,73301,2925.84,487.64,16,3/12/2025,30.27756789,-97.73387531
CUST0498,Dallas,TX,75201,128.02,42.67,15,7/29/2024,32.78172184,-96.80067915
CUST0499,Atlanta,GA,30301,3940.32,358.21,16,6/21/2024,33.75239589,-84.38515841
